City_ID,City,Lat,Lng,Max Temp,Humidity,Cloudiness,Wind Speed,Country,Date
0,namdrik,5.5994,168.1028,301.45,74,86,4.37,MH,1691698747
1,georgetown,5.4112,100.3354,299.11,92,20,1.03,MY,1691698748
2,longyearbyen,78.2186,15.6401,283.06,81,100,1.54,SJ,1691698748
3,aasiaat,68.7098,-52.8699,276.32,89,100,5.02,GL,1691698749
4,bridlington,54.0831,-0.1919,293.11,89,27,0.89,GB,1691698729
5,grytviken,-54.2811,-36.5092,271.13,97,94,3.5,GS,1691698750
6,jamaame,0.0697,42.745,296.88,84,50,5.37,SO,1691698750
7,port-aux-francais,-49.35,70.2167,277.02,93,100,15.65,TF,1691698751
8,waitangi,-43.9535,-176.5597,284.72,84,66,5.7,NZ,1691698827
9,mudanjiang,44.5833,129.6,292.73,98,100,3.56,CN,1691698796
10,avarua,-21.2078,-159.775,298.18,78,75,7.72,CK,1691698828
11,chernyshevskiy,63.0128,112.4714,288.7,78,100,1.55,RU,1691698828
12,bethel,41.3712,-73.414,297.01,85,100,0.89,US,1691698904
13,ancud,-41.8697,-73.8203,281.49,75,98,7.7,CL,1691698609
14,badger,64.8,-147.5333,294.33,88,100,1.54,US,1691698981
15,yellowknife,62.456,-114.3525,294.44,46,100,1.54,CA,1691698981
16,adamstown,-25.066,-130.1015,291.27,63,23,11.25,PN,1691698982
17,kapuskasing,49.4169,-82.4331,293.2,63,75,5.66,CA,1691698982
18,ushuaia,-54.8,-68.3,273.96,100,75,3.6,AR,1691699050
19,invercargill,-46.4,168.35,274.83,91,100,2.68,NZ,1691699054
20,ta'if,21.2703,40.4158,300.71,21,21,3.26,SA,1691699067
21,albany,42.6001,-73.9662,298.51,95,100,0.17,US,1691699068
22,as sulayyil,20.4607,45.5779,308.29,10,62,0.69,SA,1691699069
23,strezhevoy,60.7333,77.5889,284.84,96,100,4.77,RU,1691698826
24,dunedin,-45.8742,170.5036,275.82,76,100,2.14,NZ,1691699070
25,bardsir,29.9227,56.5743,295.42,20,1,2.96,IR,1691699071
26,el nido,11.1858,119.3956,300.83,82,100,5.76,PH,1691699071
27,tiksi,71.6872,128.8694,289.25,49,2,1.99,RU,1691699072
28,port mathurin,-19.6833,63.4167,295.84,80,36,8.66,MU,1691699073
29,port lincoln,-34.7333,135.8667,282.41,79,4,2.38,AU,1691699073
30,tegueste,28.5167,-16.3167,297.41,89,20,8.75,ES,1691699074
31,puerto ayora,-0.7393,-90.3518,302.13,90,51,2.68,EC,1691699074
32,meadow lakes,61.6247,-149.6011,291.89,78,40,0.45,US,1691699075
33,gaalkacyo,6.7697,47.4308,300.14,55,100,10.38,SO,1691699075
34,edinburgh of the seven seas,-37.0676,-12.3116,285.24,65,24,11.36,SH,1691699076
35,codrington,-38.2667,141.9667,282.83,82,100,4.26,AU,1691699077
36,weno,7.4515,151.8468,300.28,76,60,2.17,FM,1691699079
37,pula,44.8683,13.8481,292.46,77,0,0.0,HR,1691699079
38,rio grande,-32.035,-52.0986,294.21,90,83,4.37,BR,1691699080
39,pariaman,-0.619,100.12,297.04,89,90,1.69,ID,1691699080
40,hilo,19.7297,-155.09,302.19,96,100,1.79,US,1691699081
41,cabo san lucas,22.8909,-109.9124,308.49,74,75,3.09,MX,1691699082
42,constantia,44.1833,28.65,293.54,60,100,2.67,RO,1691699045
43,bodo,67.28,14.405,291.17,66,0,6.17,NO,1691699083
44,trairi,-3.2778,-39.2689,299.9,72,8,6.21,BR,1691699083
45,nelson bay,-32.7167,152.15,284.82,75,0,4.02,AU,1691699084
46,pacific grove,36.6177,-121.9166,297.95,77,0,5.81,US,1691699065
47,petropavlovsk-kamchatsky,53.0452,158.6483,282.48,87,0,4.0,RU,1691698977
48,port alfred,-33.5906,26.891,293.17,62,0,4.9,ZA,1691699086
49,belmonte,-15.8631,-38.8828,296.83,73,41,2.78,BR,1691699087
50,qaqortoq,60.7167,-46.0333,281.52,72,79,2.06,GL,1691699087
51,puerto natales,-51.7236,-72.4875,277.36,76,100,3.29,CL,1691699088
52,bathsheba,13.2167,-59.5167,303.49,74,40,7.72,BB,1691699089
53,wailua homesteads,22.0669,-159.378,301.39,76,75,6.69,US,1691699090
54,arraial do cabo,-22.9661,-42.0278,297.13,83,0,5.66,BR,1691699090
55,keflavik,64.0049,-22.5624,288.1,82,40,2.06,IS,1691699091
56,karkira,36.9292,6.5856,299.18,47,0,1.58,DZ,1691699091
57,talnakh,69.4865,88.3972,285.49,66,86,7.43,RU,1691699092
58,nabire,-3.3667,135.4833,297.28,88,98,1.6,ID,1691699092
59,mejit,10.2753,170.8646,300.67,72,77,4.22,MH,1691699093
60,simanggang,1.2472,111.4528,297.14,100,98,1.03,MY,1691699093
61,richards bay,-28.783,32.0377,289.2,81,0,3.06,ZA,1691699094
62,kingston,17.997,-76.7936,304.68,74,20,8.75,JM,1691698871
63,haiku-pauwela,20.9219,-156.3051,298.85,80,75,6.17,US,1691699095
64,lashio,22.9333,97.75,293.96,100,100,0.47,MM,1691699096
65,blackmans bay,-43.0167,147.3167,282.42,83,100,3.15,AU,1691699096
66,hermanus,-34.4187,19.2345,289.12,62,0,1.34,ZA,1691699097
67,atafu village,-8.5421,-172.5159,301.46,70,23,5.56,TK,1691699097
68,shawinigan,46.5668,-72.7491,294.42,88,98,1.03,CA,1691699098
69,cannonvale,-20.2833,148.7,291.81,76,3,4.69,AU,1691699098
70,labasa,-16.4167,179.3833,296.41,89,100,2.42,FJ,1691699099
71,dudinka,69.4058,86.1778,285.72,56,70,10.97,RU,1691699100
72,alofi,-19.0595,-169.9187,298.09,94,40,2.06,NU,1691699101
73,ribeira grande,38.5167,-28.7,297.37,73,40,3.6,PT,1691699102
74,katsuren-haebaru,26.3369,127.8719,300.58,94,40,1.03,JP,1691699104
75,twon-brass,4.3151,6.2418,299.07,82,100,3.96,NG,1691699009
76,fort mcmurray,56.7268,-111.381,287.92,94,100,6.69,CA,1691698877
77,la'ie,21.6477,-157.9253,303.13,67,51,7.59,US,1691699081
78,west richland,46.3043,-119.3614,303.51,35,0,2.24,US,1691699110
79,iqaluit,63.7506,-68.5145,282.0,87,40,5.14,CA,1691699111
80,port elizabeth,-33.918,25.5701,287.31,94,4,1.03,ZA,1691699111
81,ilulissat,69.2167,-51.1,281.16,76,75,2.06,GL,1691699112
82,new norfolk,-42.7826,147.0587,283.08,93,100,1.51,AU,1691699114
83,yuzhno-kurilsk,44.0306,145.8556,293.19,97,100,5.06,RU,1691699114
84,college,64.8569,-147.8028,294.37,88,100,1.54,US,1691699115
85,papao,-17.75,-149.55,298.97,66,54,8.75,PF,1691699116
86,saddiqabad,28.3062,70.1307,306.07,52,100,8.88,PK,1691699116
87,whitehorse,60.7161,-135.0538,292.65,50,75,4.02,CA,1691698965
88,punta arenas,-53.15,-70.9167,276.97,72,100,6.86,CL,1691699117
89,guercif,34.2257,-3.3536,309.13,24,64,3.22,MA,1691699118
90,mhamid,29.82,-5.72,312.4,8,6,4.39,MA,1691699118
91,port douglas,-16.4833,145.4667,294.23,77,98,5.72,AU,1691699119
92,west island,-12.1568,96.8225,298.14,88,40,6.17,CC,1691699120
93,margaret river,-33.95,115.0667,285.64,74,96,2.32,AU,1691699120
94,torghay,49.6339,63.4981,294.98,53,19,6.37,KZ,1691699121
95,rouyn-noranda,48.2398,-79.0288,293.2,60,75,4.63,CA,1691699055
96,basawul,34.2475,70.8722,307.5,47,0,2.59,AF,1691699122
97,champerico,14.3,-91.9167,308.45,69,91,5.12,GT,1691699123
98,saipan,15.1355,145.701,299.54,100,100,6.26,MP,1691699123
99,olonkinbyen,70.9221,-8.7187,280.1,97,100,5.19,SJ,1691699125
100,lebu,-37.6167,-73.65,283.64,80,54,6.57,CL,1691699125
101,klyuchi,52.2667,79.1667,290.38,91,97,4.29,RU,1691699126
102,aqaba,29.5267,35.0078,307.07,27,0,4.12,JO,1691699126
103,utrik,11.2278,169.8474,300.89,70,15,5.36,MH,1691699127
104,hegang,47.4,130.3667,288.49,98,100,2.83,CN,1691699128
105,concepcion,-36.827,-73.0498,286.04,76,75,6.17,CL,1691699128
106,hithadhoo,-0.6,73.0833,300.72,79,88,4.57,MV,1691699129
107,kavaratti,10.5669,72.642,301.23,77,100,7.51,IN,1691699129
108,fort bragg,35.139,-79.006,305.83,60,40,5.66,US,1691699130
109,sitka,57.0531,-135.33,289.09,82,100,1.54,US,1691699131
110,iskateley,67.6803,53.1512,284.14,78,6,2.85,RU,1691698885
111,guerrero negro,27.9769,-114.0611,299.94,61,6,7.32,MX,1691699132
112,daru,-9.0763,143.2092,296.88,76,96,7.68,PG,1691699132
113,vadso,70.0744,29.7487,295.64,82,0,2.06,NO,1691699133
114,lorengau,-2.0226,147.2712,300.63,78,100,6.53,PG,1691699133
115,arecibo,18.4724,-66.7157,306.46,81,67,5.15,PR,1691699134
116,cadale,2.7603,46.3222,298.0,84,79,7.47,SO,1691699135
117,saint-philippe,-21.3585,55.7679,292.92,82,21,1.51,RE,1691699136
118,cabedelo,-6.9811,-34.8339,299.52,80,7,7.15,BR,1691699136
119,neiafu,-18.65,-173.9833,298.53,83,75,2.57,TO,1691699137
120,guarapari,-20.6667,-40.4975,296.42,82,11,6.58,BR,1691699138
121,santa marta,11.2408,-74.199,305.18,73,75,3.09,CO,1691699049
122,tazovsky,67.4667,78.7,280.52,66,1,9.23,RU,1691699139
123,jamestown,42.097,-79.2353,299.83,50,40,6.69,US,1691698876
124,bilibino,68.0546,166.4372,282.65,81,100,1.83,RU,1691699140
125,brookings,44.3114,-96.7984,301.58,72,40,7.2,US,1691699141
126,bredasdorp,-34.5322,20.0403,286.53,72,0,1.03,ZA,1691699141
127,fada,9.5667,8.3,292.87,97,100,0.41,NG,1691699142
128,dabola,10.75,-11.1167,295.69,97,100,2.13,GN,1691699143
129,kisii,-0.6817,34.7667,287.9,94,75,1.41,KE,1691699143
130,kaohsiung,22.6163,120.3133,301.12,93,75,2.06,TW,1691699144
131,katsuura,35.1333,140.3,298.97,89,3,3.83,JP,1691699144
132,flying fish cove,-10.4217,105.6791,296.97,88,75,4.12,CX,1691699145
133,hinton,53.4001,-117.5857,293.7,31,97,5.76,CA,1691699041
134,pisco,-13.7,-76.2167,295.18,64,20,7.72,PE,1691699084
135,kodiak,57.79,-152.4072,285.88,88,100,3.09,US,1691699147
136,manadhoo,5.7667,73.3833,301.44,76,98,7.79,MV,1691699148
137,champua,22.0833,85.6667,298.86,72,100,2.22,IN,1691699149
138,quang ngai,15.1167,108.8,298.71,83,65,2.48,VN,1691699149
139,forster,-32.1667,152.5167,283.47,68,0,3.71,AU,1691699150
140,dauphin,51.1494,-100.0502,287.23,94,100,3.09,CA,1691699150
141,port isabel,26.0734,-97.2086,310.17,59,20,10.8,US,1691699151
142,marquard,-28.6645,27.4305,281.21,51,0,1.31,ZA,1691699152
143,st. john's,47.5649,-52.7093,295.19,89,75,4.12,CA,1691699152
144,vilyuchinsk,52.9306,158.4028,283.3,79,48,1.65,RU,1691699153
145,stanley,54.868,-1.6985,293.55,83,0,1.54,GB,1691699153
146,lihue,21.9789,-159.3672,301.73,70,75,6.69,US,1691699154
147,abepura,-2.6333,140.5833,297.6,83,40,1.03,ID,1691699154
148,tura,25.5198,90.2201,297.07,98,100,2.04,IN,1691699155
149,korsakov,46.6328,142.7813,288.06,94,100,4.2,RU,1691699155
150,luderitz,-26.6481,15.1594,293.73,50,5,1.38,NA,1691699156
151,ust-nera,64.5667,143.2,290.43,59,9,0.6,RU,1691699156
152,vilyuysk,63.7553,121.6247,285.75,78,13,2.73,RU,1691699157
153,savoy,45.5,6.4167,290.82,10,25,2.01,FR,1691699158
154,chita,52.0333,113.55,289.09,100,75,1.0,RU,1691698989
155,papatowai,-46.5619,169.4708,275.74,85,100,2.79,NZ,1691699159
156,sinop,41.7711,34.8709,291.95,94,68,0.4,TR,1691699159
157,piacabucu,-10.4056,-36.4344,296.7,86,26,4.7,BR,1691699160
158,charters towers,-20.1,146.2667,286.44,92,3,3.47,AU,1691699160
159,isafjordur,66.0755,-23.124,281.29,75,100,4.27,IS,1691699162
160,nadym,65.5333,72.5167,279.67,82,0,9.08,RU,1691699162
161,ried im innkreis,48.2112,13.4886,289.18,70,0,1.75,AT,1691699163
162,opuwo,-18.0607,13.84,292.34,32,0,2.99,NA,1691699164
163,moses lake,47.1301,-119.2781,300.53,34,0,4.63,US,1691699164
164,onega,63.9061,38.1404,290.16,97,24,0.76,RU,1691699165
165,tual,-5.6667,132.75,298.66,80,63,9.07,ID,1691699166
166,al-hamdaniya,36.2715,43.3737,311.35,13,0,3.36,IQ,1691699166
167,akureyri,65.6835,-18.0878,282.11,76,40,5.14,IS,1691699167
168,danilovka,50.3557,44.1168,299.38,34,100,5.35,RU,1691699168
169,lompoc,34.6391,-120.4579,300.38,84,100,1.54,US,1691699168
170,prado,-17.3411,-39.2208,296.45,72,58,3.2,BR,1691699169
171,nova sintra,14.8667,-24.7167,295.97,75,23,8.03,CV,1691699170
172,warrenton,-28.114,24.8475,286.4,33,88,3.2,ZA,1691699170
173,matoury,4.8483,-52.3317,304.13,66,37,5.66,GF,1691699171
174,sabha,27.0377,14.4283,303.14,23,0,4.33,LY,1691699172
175,kirensk,57.7853,108.1119,290.07,98,100,2.12,RU,1691699172
176,tobelo,1.7284,128.0095,298.58,84,97,3.36,ID,1691699173
177,nuuk,64.1835,-51.7216,282.49,81,75,1.03,GL,1691699174
178,mitsamiouli,-11.3847,43.2844,297.92,69,0,5.3,KM,1691699174
179,makhambet,47.6667,51.5833,301.64,28,2,4.21,KZ,1691699175
180,wanning,18.8003,110.3967,300.61,81,98,3.9,CN,1691699175
181,vyaz'ma,55.2104,34.2951,287.94,62,100,1.97,RU,1691699176
182,zabaykal'sk,49.6333,117.3167,291.19,76,100,1.85,RU,1691699177
183,aripuana,-9.1667,-60.6333,311.12,21,93,1.59,BR,1691699177
184,palmer,42.1584,-72.3287,296.93,68,100,4.43,US,1691699178
185,westport,41.1415,-73.3579,297.45,87,100,5.14,US,1691699093
186,banamba,13.55,-7.45,300.4,68,70,3.39,ML,1691699179
187,leticia,-4.2153,-69.9406,304.18,66,20,2.57,CO,1691699179
188,minas de marcona,-15.2119,-75.1103,289.21,71,13,8.11,PE,1691699180
189,shakawe,-18.3667,21.85,289.41,30,0,2.91,BW,1691699180
190,nova vicosa,-17.8919,-39.3719,296.84,68,65,4.08,BR,1691699182
191,kapit,2.0167,112.9333,296.13,97,90,0.52,MY,1691699183
192,hawaiian paradise park,19.5933,-154.9731,299.67,87,100,0.0,US,1691699184
193,praia da vitoria,38.7333,-27.0667,297.46,83,40,3.19,PT,1691699184
194,byron bay,-28.65,153.6167,284.1,73,0,2.45,AU,1691699185
195,mazagao,-0.115,-51.2894,305.18,58,72,2.69,BR,1691699185
196,jayapura,-2.5333,140.7,297.81,92,81,2.9,ID,1691699186
197,santiago de cao,-7.9589,-79.2392,295.22,83,75,5.14,PE,1691699187
198,freetown,8.484,-13.2299,297.99,88,75,4.12,SL,1691699187
199,chonchi,-42.6128,-73.8092,281.71,84,100,4.0,CL,1691699188
200,constitucion,-35.3333,-72.4167,284.97,86,99,3.85,CL,1691699188
201,san andres,12.5847,-81.7006,304.16,74,20,5.66,CO,1691699189
202,jaltenango de la paz,15.9167,-92.7167,299.45,64,22,1.27,MX,1691699189
203,northam,51.0333,-4.2167,292.81,88,95,5.85,GB,1691699190
204,anadyr,64.75,177.4833,282.43,81,75,5.0,RU,1691699191
205,afaahiti,-17.75,-149.2833,298.08,66,61,7.82,PF,1691699191
206,valparaiso,-33.0393,-71.6273,289.95,78,75,4.12,CL,1691699192
207,taos,36.4072,-105.5731,304.8,23,20,5.14,US,1691699193
208,saint john's,47.5649,-52.7093,295.19,89,75,4.12,CA,1691698910
209,howrah,22.5892,88.3103,302.15,84,75,3.09,IN,1691699194
210,ponta delgada,37.7333,-25.6667,296.55,83,75,3.09,PT,1691699195
211,umm kaddadah,13.6017,26.6876,305.69,38,2,3.01,SD,1691699195
212,tralee,52.2704,-9.7026,288.8,94,43,2.8,IE,1691699196
213,san luis,-33.295,-66.3356,292.3,30,11,6.73,AR,1691699088
214,amga,60.8953,131.9608,285.75,98,1,1.18,RU,1691699197
215,hasaki,35.7333,140.8333,300.54,88,10,4.68,JP,1691699197
216,yemva,62.59,50.8594,290.25,74,0,1.96,RU,1691699198
217,torreperogil,38.0345,-3.2307,305.35,18,2,2.49,ES,1691699198
218,tazacorte,28.629,-17.9293,298.69,73,0,8.23,ES,1691699199
219,dietmannsried,47.8,10.2833,290.7,90,7,1.64,DE,1691699199
220,kaka,37.3482,59.6143,304.36,18,0,2.98,TM,1691699129
221,umarkot,25.3616,69.7362,302.44,65,18,7.76,PK,1691699200
222,nar'yan-mar,67.6713,53.087,284.21,79,6,2.88,RU,1691699201
223,ulanhot,46.0833,122.0833,289.29,94,98,2.87,CN,1691699202
224,gao,16.6362,1.637,307.07,39,15,4.66,ML,1691699202
225,aykhal,66.0,111.5,288.29,86,100,2.16,RU,1691699203
226,quartu sant'elena,39.2419,9.1839,298.73,77,0,2.06,IT,1691699204
227,kodinar,20.7903,70.7031,299.91,81,100,5.55,IN,1691699204
228,pizarro,4.9533,-77.366,302.0,76,95,4.26,CO,1691699205
229,dipayal,29.2608,80.94,298.0,94,72,1.03,NP,1691699205
230,miryang,35.4933,128.7489,297.1,98,16,1.52,KR,1691699113
231,ceeldheer,3.8488,47.1806,297.77,85,72,8.24,SO,1691699206
232,los llanos de aridane,28.6585,-17.9182,297.01,73,0,8.23,ES,1691699207
233,kirakira,-10.4544,161.9205,297.58,85,100,6.72,SB,1691699207
234,usinsk,65.9939,57.5281,286.07,69,0,3.69,RU,1691699208
235,hammerfest,70.6634,23.6821,298.4,53,0,4.12,NO,1691699208
236,thompson,55.7435,-97.8558,292.24,48,75,1.54,CA,1691699195
237,la tijera,19.9,-104.4,296.62,61,98,1.8,MX,1691699209
238,hulan,45.9833,126.6,293.21,97,70,4.38,CN,1691699210
239,road town,18.4167,-64.6167,305.17,70,40,4.63,VG,1691699141
240,carnarvon,-24.8667,113.6333,291.44,84,15,1.31,AU,1691699211
241,pangody,65.85,74.4859,279.94,80,1,8.6,RU,1691699212
242,johvi,59.3592,27.4211,287.55,86,24,1.87,EE,1691699212
243,cam ranh,11.9214,109.1591,302.13,79,20,0.51,VN,1691699213
244,manokwari,-0.8667,134.0833,298.47,79,42,1.75,ID,1691699213
245,boca suno,-0.7167,-77.1333,305.92,42,10,1.15,EC,1691699214
246,chibuto,-24.6867,33.5306,288.8,75,12,2.47,MZ,1691699215
247,patterson,37.4716,-121.1297,304.12,16,0,1.04,US,1691699216
248,zag,46.9441,99.165,285.75,68,49,1.31,MN,1691699217
249,mana,5.6592,-53.7767,301.7,70,89,4.81,GF,1691699218
250,tangalle,6.024,80.7911,298.34,90,97,4.02,LK,1691699218
251,san jose del guaviare,2.5729,-72.6459,299.01,89,100,1.6,CO,1691699219
252,lemvig,56.5486,8.3102,286.56,83,8,6.5,DK,1691699220
253,visby,57.6409,18.296,286.94,88,75,5.14,SE,1691699220
254,saint-francois,46.4154,3.9054,295.84,60,0,0.51,FR,1691699221
255,eduardo castex,-35.915,-64.2945,292.08,30,100,3.93,AR,1691699124
256,lazaro cardenas,17.9583,-102.2,304.63,62,84,3.06,MX,1691699222
257,cill airne,52.05,-9.5167,288.62,95,49,2.35,IE,1691699222
258,porto novo,6.4965,2.6036,299.05,85,29,3.1,BJ,1691699223
259,wellington,-41.2866,174.7756,281.96,86,75,9.26,NZ,1691699161
260,kuta,-8.7233,115.1723,296.12,88,20,2.24,ID,1691699224
261,colonia,50.9333,6.95,293.69,72,0,0.51,DE,1691699225
262,udachny,66.4167,112.4,289.51,82,76,2.5,RU,1691699225
263,tolanaro,-25.0319,46.9987,292.19,77,75,3.09,MG,1691699226
264,bhimunipatnam,17.8833,83.4333,301.31,73,98,1.38,IN,1691699226
265,rongelap,11.1635,166.8941,301.28,75,38,4.74,MH,1691699227
266,phan rang-thap cham,11.5667,108.9833,298.63,86,9,1.72,VN,1691699228
267,codajas,-3.8367,-62.0569,306.1,42,87,1.86,BR,1691699228
268,uturoa,-16.7333,-151.4333,298.1,67,63,7.52,PF,1691699229
269,oblivskaya,48.5362,42.5014,301.74,34,85,4.51,RU,1691699229
270,crane,31.3974,-102.3501,314.39,13,0,2.34,US,1691698998
271,uttaradit,17.6667,100.5,297.05,96,100,0.85,TH,1691699230
272,aberystwyth,52.4155,-4.0829,292.53,88,63,4.36,GB,1691699231
273,ribadesella,43.4614,-5.0596,295.9,86,36,2.41,ES,1691699232
274,alamosa,37.4695,-105.87,300.14,16,0,2.66,US,1691698938
275,homer,59.6425,-151.5483,286.09,95,100,1.54,US,1691699233
276,smithers,54.7804,-127.1743,292.33,52,75,2.06,CA,1691699233
277,sisimiut,66.9395,-53.6735,280.49,91,100,2.9,GL,1691699234
278,wahpeton,46.2652,-96.6059,296.16,68,0,6.69,US,1691699234
279,nantucket,41.2835,-70.0995,299.18,69,0,5.66,US,1691699235
280,cheremukhovo,60.3484,59.9851,283.68,85,5,1.61,RU,1691699235
281,andergrove,-21.0833,149.1833,287.4,76,57,2.28,AU,1691699236
282,kilindoni,-7.9139,39.6668,297.48,78,7,5.46,TZ,1691699236
283,bath,51.3779,-2.3591,293.92,86,46,4.08,GB,1691699089
284,santa clara,22.4,-79.9667,307.96,49,40,5.66,CU,1691699238
285,melfort,52.8667,-104.6177,285.22,87,100,5.14,CA,1691699238
286,antsiranana,-12.2787,49.2917,295.44,79,0,4.96,MG,1691699239
287,banda aceh,5.5577,95.3222,299.33,85,52,3.96,ID,1691699240
288,nizhniy kuranakh,58.8353,125.4869,290.05,67,92,2.74,RU,1691699240
289,la paz,-16.5,-68.15,290.14,12,20,4.12,BO,1691699241
290,laojunmiao,39.8333,97.7333,291.97,49,1,0.73,CN,1691699241
291,sooke,48.3746,-123.7276,296.09,77,56,11.32,CA,1691699243
292,sovetskaya,44.7769,41.1722,298.56,58,0,3.73,RU,1691699243
293,basco,20.4487,121.9702,301.3,85,55,9.61,PH,1691699244
294,saint-pierre,-21.3393,55.4781,292.97,68,0,3.6,RE,1691699244
295,novaya igirma,57.1334,103.9112,288.5,78,100,1.77,RU,1691699245
296,egilsstadir,65.2653,-14.3948,283.1,76,20,4.12,IS,1691699245
297,ngong,-1.3618,36.6566,289.0,62,96,2.03,KE,1691699246
298,gassol,8.5333,10.4667,297.01,93,100,0.93,NG,1691699246
299,howard springs,-12.497,131.047,295.1,70,95,3.06,AU,1691699247
300,labuan,5.2767,115.2417,300.35,83,20,1.03,MY,1691699248
301,rio branco,-9.9747,-67.81,308.49,43,40,3.09,BR,1691699012
302,susuman,62.7833,148.1667,285.5,58,6,0.72,RU,1691699249
303,maluso,6.543,121.8753,299.67,83,100,0.77,PH,1691699249
304,san ignacio de velasco,-16.3667,-60.95,309.81,21,0,5.65,BO,1691699250
305,sao francisco,-15.9486,-44.8644,304.14,22,4,3.29,BR,1691699250
306,hamilton,39.1834,-84.5333,301.44,64,40,6.17,US,1691699106
307,khandyga,62.6667,135.6,286.98,66,17,1.73,RU,1691699251
308,dawei,14.0833,98.2,297.69,93,89,0.62,MM,1691699252
309,goure,13.9835,10.2704,300.86,56,82,1.81,NE,1691699252
310,nilanga,18.1,76.7667,298.43,72,100,4.9,IN,1691699253
311,lisakovsk,52.5369,62.4936,290.06,80,99,5.1,KZ,1691699253
312,robertsport,6.7533,-11.3686,298.71,82,100,6.22,LR,1691699254
313,la romana,18.4273,-68.9728,300.35,89,75,2.57,DO,1691699254
314,bandipura,34.4167,74.65,292.41,90,13,1.69,IN,1691699256
315,punta del este,-34.9667,-54.95,291.21,89,100,4.12,UY,1691699256
316,sambava,-14.2667,50.1667,293.78,89,4,3.45,MG,1691699257
317,santa cruz,-17.8,-63.1667,305.18,48,20,12.35,BO,1691699257
318,san patricio,28.017,-97.5169,312.69,41,0,8.04,US,1691699258
319,nemuro,43.3236,145.575,292.06,99,100,6.53,JP,1691699259
320,vorgashor,67.5833,63.95,279.51,93,44,3.47,RU,1691699259
321,pandan,14.0453,124.1694,300.03,85,100,2.82,PH,1691699260
322,varto,39.1732,41.4559,297.57,24,2,1.08,TR,1691699260
323,port saint john's,-31.6229,29.5448,290.69,86,9,6.41,ZA,1691699261
324,jaumave,23.4167,-99.3833,311.0,30,3,3.91,MX,1691699262
325,zeerust,-25.5369,26.0751,288.26,41,99,2.21,ZA,1691699262
326,potosi,-19.5836,-65.7531,290.63,25,0,4.12,BO,1691699263
327,gadzhiyevo,69.2551,33.3362,291.17,68,0,4.94,RU,1691699263
328,taulaga,-11.0553,-171.0883,301.33,72,91,5.81,AS,1691699264
329,mawu,29.5923,107.3139,297.72,91,54,1.73,CN,1691699265
330,itoman,26.1247,127.6694,300.58,94,20,2.57,JP,1691699265
331,maumere,-8.6199,122.2111,296.73,77,25,1.53,ID,1691699266
332,yaren,-0.5472,166.916,301.02,72,6,1.25,NR,1691699266
333,la sarre,48.8002,-79.1996,293.64,60,53,3.27,CA,1691699267
334,esquina,-30.0144,-59.5272,298.3,55,100,2.34,AR,1691699267
335,souillac,-20.5167,57.5167,293.36,88,20,1.54,MU,1691699268
336,mount pearl,47.5166,-52.7813,294.73,89,75,4.12,CA,1691699268
337,safford,32.834,-109.7076,309.88,27,0,6.17,US,1691699269
338,mach,29.8637,67.3298,304.67,41,41,1.51,PK,1691699269
339,halifax,44.6453,-63.5724,299.51,62,37,6.71,CA,1691699073
340,jianguang,28.1938,115.7836,299.77,83,100,0.86,CN,1691699270
341,luganville,-15.5333,167.1667,293.26,69,95,5.35,VU,1691699271
342,wangkui,46.8333,126.5,290.91,95,11,2.11,CN,1691699271
343,monteagudo,-19.8167,-63.9833,307.53,19,0,3.96,BO,1691699272
344,merizo village,13.2658,144.6691,299.46,94,100,10.02,GU,1691699273
345,mount gambier,-37.8333,140.7667,282.16,93,100,2.66,AU,1691699273
346,nizhnekamsk,55.6366,51.8245,294.59,64,0,3.0,RU,1691699274
347,barah,13.7,30.3667,300.5,64,100,6.57,SD,1691699274
348,enewetak,11.3474,162.3373,301.46,77,35,4.71,MH,1691699275
349,hell-ville,-13.4,48.2667,298.05,71,2,1.96,MG,1691699276
350,betul,21.9153,77.8961,295.41,86,11,2.09,IN,1691699276
351,villamontes,-21.25,-63.5,306.46,21,0,1.57,BO,1691699277
352,victorica,-36.2151,-65.4359,293.05,22,51,4.07,AR,1691699277
353,camarinas,43.1311,-9.1817,295.33,90,69,4.01,ES,1691699278
354,virrat,62.2476,23.78,285.76,92,54,2.8,FI,1691699279
355,yangliuqing,39.1375,116.9997,299.12,71,0,2.71,CN,1691699279
356,nema,57.5067,50.5011,291.4,75,0,2.09,RU,1691699280
357,taroudant,30.4703,-8.877,312.05,17,95,2.73,MA,1691699281
358,waddan,29.1614,16.139,302.2,35,0,4.99,LY,1691699281
359,shanhaiguan,39.9988,119.7564,294.95,66,4,3.25,CN,1691699282
360,yigo village,13.5361,144.8886,298.77,91,20,6.69,GU,1691699283
361,dryden,49.7833,-92.7503,292.31,55,20,2.57,CA,1691699226
362,vorkuta,67.5,64.0,279.82,93,42,3.45,RU,1691699285
363,lerwick,60.1545,-1.1494,287.15,88,13,3.24,GB,1691699285
364,glen innes,-29.7333,151.7333,276.53,83,0,1.1,AU,1691699286
365,urangan,-25.3,152.9,289.48,73,0,2.5,AU,1691699286
366,pitimbu,-7.4706,-34.8086,299.48,77,6,6.39,BR,1691699287
367,karratha,-20.7377,116.8463,293.41,56,0,2.88,AU,1691699287
368,erattupetta,9.7,76.7833,297.13,97,100,0.72,IN,1691699288
369,itamaraca,-7.7478,-34.8256,299.18,74,13,5.36,BR,1691699289
370,kazerun,29.6195,51.6541,304.44,26,59,2.0,IR,1691699289
371,maitum,6.0392,124.4986,298.99,79,100,1.69,PH,1691699290
372,cestos city,5.46,-9.5828,298.16,83,100,4.92,LR,1691699290
373,raigarh,21.9,83.4,299.32,75,100,1.29,IN,1691699291
374,lata,40.1629,-8.3327,296.44,78,0,1.72,PT,1691699292
375,arklow,52.7931,-6.1414,291.53,98,79,6.46,IE,1691699292
376,claremont,34.0967,-117.7198,301.77,75,100,4.12,US,1691699293
377,kone,-21.0595,164.8658,286.79,71,0,2.24,NC,1691699293
378,ust'-ilimsk,58.0006,102.6619,288.99,76,100,1.82,RU,1691699256
379,sampit,-2.5333,112.95,295.38,89,59,0.98,ID,1691699294
380,yanam,16.7333,82.2167,299.96,76,100,1.87,IN,1691699295
381,solnechnyy,50.7214,136.6319,286.68,95,100,1.09,RU,1691699296
382,fort stockton,30.894,-102.8793,315.18,15,40,3.62,US,1691699296
383,namibe,-15.1961,12.1522,289.33,89,24,3.57,AO,1691699297
384,bratsk,56.1325,101.6142,285.42,90,6,2.12,RU,1691699269
385,hadibu,12.65,54.0333,298.74,81,47,6.61,YE,1691699298
386,amos,48.5669,-78.1162,292.61,75,44,3.25,CA,1691699299
387,mcalester,34.9334,-95.7697,307.6,63,20,3.09,US,1691699299
388,tukrah,32.5341,20.5791,299.14,64,0,6.33,LY,1691699300
389,santa ana,33.7456,-117.8678,301.71,74,75,4.63,US,1691699300
390,lichuan,30.3,108.85,292.81,97,5,0.92,CN,1691699301
391,arish,31.1316,33.7984,299.72,74,3,3.51,EG,1691699301
392,gorontalo,0.5412,123.0595,296.43,91,100,2.21,ID,1691699302
393,haapsalu,58.9431,23.5414,287.54,88,94,5.63,EE,1691699303
394,hami,42.8,93.45,301.63,23,0,3.61,CN,1691699303
395,krotovka,53.2858,51.1686,295.17,43,1,3.19,RU,1691699304
396,fortuna,40.5982,-124.1573,294.78,79,75,3.6,US,1691699304
397,linxi,39.7,118.4333,296.31,82,53,2.55,CN,1691699305
398,labrador city,52.9463,-66.9114,290.1,72,75,2.57,CA,1691699305
399,vernon,50.2581,-119.2691,297.93,52,63,1.54,CA,1691699306
400,popondetta,-8.7537,148.2534,294.9,90,100,0.6,PG,1691699306
401,n'dalatando,-9.2978,14.9116,294.12,62,4,1.62,AO,1691699307
402,fuente obejuna,38.2667,-5.4167,304.66,14,0,3.31,ES,1691699308
403,kerikeri,-35.2268,173.9474,278.66,93,50,2.03,NZ,1691699309
404,trail,49.0998,-117.7022,301.31,32,66,2.06,CA,1691699309
405,baiyin,36.5583,104.2081,293.5,66,100,6.05,CN,1691699310
406,jincheng,35.5022,112.8328,295.74,88,91,0.52,CN,1691699310
407,orchard mesa,39.043,-108.5523,306.54,23,0,3.09,US,1691699311
408,upper hutt,-41.1383,175.0502,281.77,90,92,2.75,NZ,1691699312
409,ad dabbah,18.05,30.95,308.22,32,95,3.14,SD,1691699312
410,garissa,-0.4536,39.6401,297.05,64,17,9.05,KE,1691699313
411,dapa,9.7594,126.0531,300.86,78,97,4.54,PH,1691699313
412,sao joao da barra,-21.6403,-41.0511,298.2,79,12,7.35,BR,1691699314
413,kristiansund,63.1115,7.732,284.51,87,100,3.09,NO,1691699315
414,selkirk,50.1436,-96.8845,294.19,32,96,4.81,CA,1691699315
415,oranjemund,-28.55,16.4333,290.72,63,24,2.03,NA,1691699316
416,i-n-salah,27.1935,2.4607,310.55,13,0,4.82,DZ,1691699317
417,vila velha,-20.3297,-40.2925,297.12,84,75,5.14,BR,1691699317
418,caransebes,45.4167,22.2167,287.6,81,14,1.4,RO,1691699318
419,santo antonio do leverger,-15.8656,-56.0767,311.36,12,0,3.47,BR,1691699318
420,murzuq,25.9155,13.9184,303.84,23,0,4.31,LY,1691699319
421,pirallahi,40.4723,50.333,300.23,52,0,1.93,AZ,1691699319
422,taoudenni,22.6783,-3.9836,314.62,11,4,3.83,ML,1691699244
423,chavusy,53.8075,30.9712,288.95,64,100,2.92,BY,1691699321
424,singaraja,-8.112,115.0882,296.2,76,44,2.21,ID,1691699321
425,mata-utu,-13.2816,-176.1745,301.26,73,97,6.42,WF,1691699322
426,newman,37.3138,-121.0208,307.07,15,0,1.99,US,1691699299
427,zanjan,36.6736,48.4787,295.15,41,0,3.16,IR,1691699323
428,el vigia,8.6219,-71.6506,307.16,53,84,1.19,VE,1691699323
429,inderbor,48.55,51.7833,300.82,28,0,4.33,KZ,1691699324
430,moose jaw,50.4001,-105.5344,298.3,44,40,7.72,CA,1691699324
431,hilton head island,32.2163,-80.7526,307.59,61,0,6.17,US,1691699325
432,shinas,24.7433,56.4658,305.17,71,6,1.24,OM,1691699326
433,magdagachi,53.45,125.8,287.08,95,45,1.07,RU,1691699326
434,ta`u,-14.2336,-169.5144,300.57,76,100,6.63,AS,1691699327
435,byaroza,52.5314,24.9786,288.11,85,90,0.78,BY,1691699328
436,sinabang,2.4803,96.3801,298.99,85,100,2.26,ID,1691699295
437,port augusta,-32.5,137.7667,280.96,83,0,2.23,AU,1691699329
438,tucuma,-0.1833,-50.05,302.1,68,19,4.06,BR,1691699329
439,hotan,37.0997,79.9269,302.57,18,99,3.74,CN,1691699331
440,wentworth falls,-33.7167,150.3833,274.5,90,1,1.79,AU,1691699331
441,jisr ash shughur,35.8143,36.3206,297.34,90,2,2.75,SY,1691699332
442,piritiba,-11.7303,-40.5553,299.31,41,10,3.86,BR,1691699333
443,ebaye,8.7748,167.7392,301.16,78,100,4.8,MH,1691699333
444,mori,34.8333,137.9333,299.86,80,0,3.24,JP,1691699334
445,peterhead,57.5058,-1.7981,291.73,95,3,5.87,GB,1691699335
446,acarau,-2.8856,-40.12,300.57,68,33,8.42,BR,1691699269
447,san luis de la loma,17.2706,-100.8939,303.71,68,100,3.13,MX,1691699336
448,al bawiti,28.3492,28.8659,302.37,34,0,5.06,EG,1691699336
449,bac lieu,9.285,105.7244,299.35,87,26,4.73,VN,1691699337
450,kirishi,59.4471,32.0205,288.95,68,12,1.81,RU,1691699337
451,ramon',51.9157,39.3361,297.17,64,0,3.0,RU,1691699338
452,dedougou,12.4667,-3.4667,297.33,87,97,4.15,BF,1691699338
453,istok,42.7808,20.4875,287.51,79,10,2.66,XK,1691699339
454,borogontsy,62.6683,131.1683,285.64,71,0,2.73,RU,1691699339
455,lyskovo,56.0328,45.0422,293.88,76,5,0.77,RU,1691699340
456,khanty-mansiysk,61.0042,69.0019,286.21,62,0,3.13,RU,1691699341
457,chos malal,-37.3781,-70.2709,280.6,72,83,9.47,AR,1691699343
458,griffith,41.5284,-87.4237,302.53,69,75,6.17,US,1691699344
459,lagoa,39.05,-27.9833,295.95,66,47,3.34,PT,1691699344
460,ust'-kut,56.7938,105.7672,288.53,97,100,1.67,RU,1691699345
461,igarka,67.4667,86.5833,284.31,93,100,6.06,RU,1691699323
462,pachino,36.7186,15.0907,297.51,64,0,0.74,IT,1691699346
463,totness,5.8833,-56.3167,301.98,68,20,5.48,SR,1691699346
464,andilamena,-17.0167,48.5833,286.83,98,38,1.73,MG,1691699347
465,bumba,2.1833,22.4667,296.27,90,100,0.73,CD,1691699347
466,vilhena,-12.7406,-60.1458,306.27,35,40,5.14,BR,1691699348
467,el granada,37.5027,-122.4694,305.97,74,75,5.66,US,1691699349
468,suva,-18.1416,178.4415,292.86,100,100,0.0,FJ,1691699349
469,kupang,-10.1667,123.5833,296.1,81,53,4.32,ID,1691699350
470,rondonopolis,-16.4708,-54.6356,311.42,13,0,4.68,BR,1691699350
471,kampong cham,11.9934,105.4635,300.75,73,98,3.91,KH,1691699351
472,praia,14.9215,-23.5087,300.45,65,20,4.63,CV,1691699352
473,sittwe,20.15,92.9,298.92,88,100,1.89,MM,1691699353
474,warrnambool,-38.3833,142.4833,281.11,75,100,4.82,AU,1691699333
475,stornoway,58.2093,-6.3865,291.53,85,40,0.51,GB,1691699354
476,molochnoye,59.2917,39.6787,291.15,93,79,2.16,RU,1691699355
477,campo formoso,-10.5075,-40.3214,300.43,35,0,4.47,BR,1691699355
478,pasni,25.2631,63.471,300.16,83,91,6.19,PK,1691699356
479,shaowu,27.3409,117.4831,297.48,95,74,0.63,CN,1691699357
480,okehampton,50.7384,-4.0016,291.59,92,83,3.97,GB,1691699222
481,miguel alves,-4.1656,-42.8953,308.52,27,19,0.79,BR,1691699358
482,tulun,54.5611,100.5792,285.61,92,6,1.14,RU,1691699358
483,happy valley-goose bay,53.3168,-60.3315,290.32,63,75,4.63,CA,1691699359
484,polyarnyy,69.1989,33.4478,290.99,70,0,4.88,RU,1691699359
485,beboto,8.2668,16.939,295.16,94,99,0.92,TD,1691699360
486,bayanaul,50.7889,75.6956,290.08,74,100,6.14,KZ,1691699360
487,alo,7.4178,6.7371,297.26,93,100,1.76,NG,1691699361
488,mcpherson,38.3708,-97.6642,307.09,52,92,4.71,US,1691699115
489,topolobampo,25.6,-109.05,308.1,43,75,8.23,MX,1691699362
490,dhromolaxia,34.8755,33.5868,301.89,74,0,2.24,CY,1691699362
491,jasper,37.2001,-94.3502,305.99,52,40,1.54,US,1691699363
492,saskatoon,52.1168,-106.6345,294.14,68,75,5.14,CA,1691699218
493,geraldton,-28.7667,114.6,286.38,94,100,0.51,AU,1691699364
494,viedma,-40.8135,-62.9967,291.44,30,100,6.55,AR,1691699365
495,naze,28.3667,129.4833,296.66,88,100,1.92,JP,1691699365
496,quellon,-43.1167,-73.6167,280.29,81,75,8.23,CL,1691699228
497,al kharijah,25.4514,30.5464,305.72,19,0,4.86,EG,1691699367
498,half moon bay,37.4636,-122.4286,305.96,71,75,5.66,US,1691699367
499,mitu,1.1983,-70.1733,301.9,78,66,1.58,CO,1691699368
500,tsiombe,-25.3,45.4833,290.36,73,21,4.38,MG,1691699253
501,businga,3.3333,20.8833,295.43,94,91,1.17,CD,1691699369
502,yulinshi,38.2906,109.7494,297.26,79,100,2.62,CN,1691699370
503,corner brook,48.9667,-57.9484,289.24,97,100,2.24,CA,1691699370
504,nuku'alofa,-21.1333,-175.2,296.34,88,75,3.09,TO,1691699371
505,ust-tsilma,65.441,52.1498,286.7,74,0,1.5,RU,1691699371
506,at taj,24.2049,23.2857,308.28,23,27,7.64,LY,1691699372
507,callao,-12.0667,-77.15,294.66,73,100,7.2,PE,1691699150
508,argo,37.6333,22.7333,299.7,67,73,1.02,GR,1691699373
509,tashtagol,52.7657,87.8894,289.66,72,100,2.01,RU,1691699373
510,kalemie,-5.9475,29.1947,295.73,58,0,1.01,CD,1691699374
511,eyl,7.9803,49.8164,297.96,80,60,10.75,SO,1691699374
512,taroa,8.7058,171.2275,300.8,72,44,5.65,MH,1691699375
513,jertih,5.7336,102.4897,297.08,92,10,1.75,MY,1691699376
514,qarazhal,48.0078,70.7903,294.49,55,18,2.76,KZ,1691699377
515,west bay,19.3667,-81.4167,305.19,77,20,0.0,KY,1691699377
516,new plymouth,-39.0667,174.0833,279.44,65,1,2.1,NZ,1691699182
517,tuy hoa,13.0833,109.3,300.13,78,60,2.97,VN,1691699378
518,queenstown,-31.8976,26.8753,285.77,48,0,2.16,ZA,1691699296
519,thunder bay,48.4001,-89.3168,292.14,55,75,4.12,CA,1691699122
520,ingeniero jacobacci,-41.3427,-69.5448,282.49,50,3,13.2,AR,1691699380
521,aldinga beach,-35.2793,138.4604,284.08,85,29,2.61,AU,1691699382
522,inhambane,-23.865,35.3833,291.16,70,0,3.61,MZ,1691699382
523,brandon,27.9378,-82.2859,309.88,69,40,3.6,US,1691699121
524,balqash,46.8481,74.995,296.58,56,35,2.18,KZ,1691699384
525,caleta de carquin,-11.0925,-77.6267,294.06,73,11,6.36,PE,1691699384
526,mao,39.8885,4.2658,299.46,83,20,1.54,ES,1691699385
527,general acha,-37.377,-64.6043,292.1,25,100,8.04,AR,1691699385
528,castillos,-34.1667,-53.8333,290.18,84,100,3.17,UY,1691699305
529,island harbour,50.724,-1.2758,292.68,89,21,0.45,GB,1691699387
530,qashar,53.3906,62.9297,288.03,81,98,3.73,KZ,1691699387
531,sanctuary point,-35.1114,150.629,282.03,78,0,2.39,AU,1691699388
532,bozoum,6.3193,16.3799,293.63,96,98,0.72,CF,1691699388
533,amahai,-3.3333,128.9167,296.73,88,84,2.08,ID,1691699389
534,naukot,24.8587,69.4024,301.99,68,89,7.96,PK,1691699389
535,tokar,18.4254,37.729,307.45,39,1,9.58,SD,1691699287
536,svetlyy,54.675,20.1347,286.46,78,100,1.71,RU,1691699390
537,alexandria,31.2156,29.9553,299.45,65,0,5.07,EG,1691699391
538,sanming,26.2486,117.6186,297.5,97,100,0.96,CN,1691699392
539,boende,-0.2167,20.8667,296.91,87,100,0.54,CD,1691699392
540,levuka,50.1834,-105.4011,298.0,44,40,7.72,CA,1691699393
541,marsh harbour,26.5412,-77.0636,303.31,67,29,0.86,BS,1691699393
542,guaruja,-23.9931,-46.2564,296.98,26,75,2.57,BR,1691699180
543,afif,23.9065,42.9172,304.8,10,33,3.48,SA,1691699394
544,el calafate,-50.3408,-72.2768,276.38,97,100,0.9,AR,1691699395
545,fort st. john,56.2499,-120.8529,290.09,72,75,5.14,CA,1691699396
546,fort saskatchewan,53.7168,-113.2187,295.2,56,75,7.72,CA,1691699396
547,general tinio,15.35,121.05,297.88,94,97,0.52,PH,1691699397
548,tra vinh,9.9347,106.3453,298.76,90,79,3.36,VN,1691699398
549,taco pozo,-25.6167,-63.2833,305.87,24,15,4.29,AR,1691699398
550,poronaysk,49.2167,143.1167,285.41,97,100,1.75,RU,1691699400
551,thal,35.4791,72.2439,291.52,85,77,0.49,PK,1691699401
552,rio de janeiro,-22.9028,-43.2075,299.27,74,0,5.14,BR,1691699402
553,launceston,-41.45,147.1667,280.26,100,75,3.6,AU,1691699407
554,ma'an,26.9775,110.7211,296.56,90,0,0.75,CN,1691699407
555,amasra,41.7463,32.3863,295.31,88,52,2.06,TR,1691699408
556,isna,25.2934,32.554,306.16,22,0,6.64,EG,1691699409
557,peniche,39.3558,-9.3811,294.88,87,0,5.29,PT,1691699410
558,yamada,39.4667,141.95,297.89,93,52,1.86,JP,1691699411
559,tacuarembo,-31.7333,-55.9833,292.15,82,100,2.21,UY,1691699411
560,zarasai,55.7333,26.25,286.22,92,56,1.13,LT,1691699412
561,saldanha,-33.0117,17.9442,286.18,78,0,4.93,ZA,1691699412
562,kedougou,12.5579,-12.1743,298.78,84,86,1.98,SN,1691699413
563,isola di capo rizzuto,38.96,17.0933,296.56,73,0,0.51,IT,1691699414
564,mulanur,10.7667,77.7167,298.25,84,100,3.53,IN,1691699414
565,la ronge,55.1001,-105.2842,286.29,94,100,6.69,CA,1691699415
566,kasson,44.03,-92.7507,301.08,60,0,0.0,US,1691699416
567,calama,-22.4667,-68.9333,296.42,9,0,6.69,CL,1691699353
568,oleksandrivka,48.9634,32.2349,291.9,80,100,5.23,UA,1691699417
569,chabahar,25.2919,60.643,300.79,84,74,2.93,IR,1691699417
570,choibalsan,48.0667,114.5,290.68,83,96,2.84,MN,1691699418
571,bereeda,11.8704,51.0579,303.09,62,100,3.23,SO,1691699418
572,bontang,0.1333,117.5,297.9,89,100,4.18,ID,1691699419
573,uruzgan,32.8333,66.0,296.88,21,4,0.73,AF,1691699420
574,mantua,45.1667,10.7833,297.73,77,37,2.24,IT,1691699421
575,tromso,69.6496,18.957,287.16,88,75,2.06,NO,1691699421
576,shahr-e kord,32.3256,50.8644,292.02,24,0,2.06,IR,1691699422
577,kathu,7.9178,98.3332,302.98,75,47,3.31,TH,1691699423
578,kirando,-7.4167,30.6,297.14,54,2,3.47,TZ,1691699423
579,gole,52.1665,20.4937,292.09,63,76,1.72,PL,1691699425
580,new ross,52.3967,-6.9367,291.03,1,100,5.37,IE,1691699425
581,rice lake,45.5061,-91.7382,299.62,50,0,2.57,US,1691699171
582,springbok,-29.6643,17.8865,289.64,24,10,4.09,ZA,1691699426
